Title,File,Start Page,End Page,Key,Composer
African Flower,realbook_hal_6th_Bb.pdf,10,10,Bb,Duke Ellington
Afro Blue,realbook_hal_6th_Bb.pdf,11,11,Bb,Mongo Santamaria
Afternoon In Paris,realbook_hal_6th_Bb.pdf,12,12,Bb,John Lewis
Airegin,realbook_hal_6th_Bb.pdf,13,13,Bb,Sonny Rollins
Agua De Beber,realbook_hal_6th_Bb.pdf,14,15,Bb,Antonio Carlos Jobim/Norman Gimbel/Vinicius De Moraes
Alfie,realbook_hal_6th_Bb.pdf,16,16,Bb,Burt Bacharach/Hal David
Alice In Wonderland,realbook_hal_6th_Bb.pdf,17,17,Bb,Sammy Fain/Bob Hilliard
All Blues,realbook_hal_6th_Bb.pdf,18,18,Bb,Miles Davis
All By Myself,realbook_hal_6th_Bb.pdf,19,19,Bb,Irving Berlin
All Of Me,realbook_hal_6th_Bb.pdf,20,20,Bb,Seymour Simons/Gerald Marks
All Of You,realbook_hal_6th_Bb.pdf,21,21,Bb,Cole Porter
All The Things You Are,realbook_hal_6th_Bb.pdf,22,22,Bb,Jerome Kern/Oscar Hammerstein
Always,realbook_hal_6th_Bb.pdf,23,23,Bb,Irving Berlin
"Alright, Okay, You Win",realbook_hal_6th_Bb.pdf,24,25,Bb,Mayme Watts/Sid Wyche
Ana Maria,realbook_hal_6th_Bb.pdf,26,27,Bb,Wayne Shorter
Angel Eyes,realbook_hal_6th_Bb.pdf,28,28,Bb,Matt Dennis/Earl Brent
Anthropology,realbook_hal_6th_Bb.pdf,29,29,Bb,Charlie Parker/Dizzy Gillespie
Apple Honey,realbook_hal_6th_Bb.pdf,30,31,Bb,Woody Herman
April In Paris,realbook_hal_6th_Bb.pdf,32,32,Bb,Vernon Duke/E. Y. Hrburg
April Joy,realbook_hal_6th_Bb.pdf,33,33,Bb,Pat Metheny
Arise Her Eyes,realbook_hal_6th_Bb.pdf,34,35,Bb,Steve Swallow
Armageddon,realbook_hal_6th_Bb.pdf,36,36,Bb,Wayne Shorter
Au Privave,realbook_hal_6th_Bb.pdf,37,37,Bb,Charlie Parker
Autumn In New York,realbook_hal_6th_Bb.pdf,38,38,Bb,Vernon Duke
Autumn Leaves,realbook_hal_6th_Bb.pdf,39,39,Bb,Joseph Kosma/Johnny Mercer/Jacques Prevert
Beautiful Love,realbook_hal_6th_Bb.pdf,40,40,Bb,Victor Young/Wayne King/Egbert Van Alstyne/Haven Gillespie
Beauty And The Blast,realbook_hal_6th_Bb.pdf,41,41,Bb,Wayne Shorter
Bessie's Blues,realbook_hal_6th_Bb.pdf,42,42,Bb,John Coltrane
Bewitched,realbook_hal_6th_Bb.pdf,43,43,Bb,Richard Rodgers/Lorenz Hart
Big Nick,realbook_hal_6th_Bb.pdf,44,44,Bb,John Coltrane
Black Coffee,realbook_hal_6th_Bb.pdf,45,45,Bb,Paul Francis Webster/Sonny Burke
Black Diamond,realbook_hal_6th_Bb.pdf,46,46,Bb,Milton Sealey
Black Narcissus,realbook_hal_6th_Bb.pdf,47,47,Bb,Joe Henderson
Black Nile,realbook_hal_6th_Bb.pdf,48,48,Bb,Wayne Shorter
Black Orpheus,realbook_hal_6th_Bb.pdf,49,49,Bb,Luiz Bonfa
Blue Bossa,realbook_hal_6th_Bb.pdf,50,50,Bb,Kenny Durham
Blue In Green,realbook_hal_6th_Bb.pdf,51,51,Bb,Miles Davis
Blue Monk,realbook_hal_6th_Bb.pdf,52,52,Bb,Thelonious Monk
Blue Room,realbook_hal_6th_Bb.pdf,53,53,Bb,Richard Rodgers/Lorenz Hart
Blue Train (Blue Trane),realbook_hal_6th_Bb.pdf,54,54,Bb,John Coltrane
Blues For Alice,realbook_hal_6th_Bb.pdf,55,55,Bb,Charlie Parker
Bluesette,realbook_hal_6th_Bb.pdf,56,56,Bb,Jean Thielemans/Norman Gimbel
Body And Soul,realbook_hal_6th_Bb.pdf,57,57,Bb,John Green/Eduoard Heyman/Robert Sear/Frank Eyton
Boplicity,realbook_hal_6th_Bb.pdf,58,58,Bb,Miles David/Gil Evans
Bright Size Life,realbook_hal_6th_Bb.pdf,59,59,Bb,Pat Metheny
Broad Way Blues,realbook_hal_6th_Bb.pdf,60,60,Bb,Ornette Coleman
Broadway,realbook_hal_6th_Bb.pdf,61,61,Bb,Bill Byrd/Teddy McRae/Henri Wood
But Beautiful,realbook_hal_6th_Bb.pdf,62,62,Bb,Jimmy Van Heusen/Johnny Burke
Butterfly,realbook_hal_6th_Bb.pdf,63,63,Bb,Herbie Hancock/Bennie Maupin
Byrd Like,realbook_hal_6th_Bb.pdf,64,64,Bb,Freddie Hubbard
C'est Si Bon (It's So Good),realbook_hal_6th_Bb.pdf,65,65,Bb,Henri Betti/Jerry Serlen/Andre Hornez
Call Me,realbook_hal_6th_Bb.pdf,66,66,Bb,Tony Hatch
Call Me Irresponsible,realbook_hal_6th_Bb.pdf,67,67,Bb,James Van Heusen/Sammy Cahn
Can't Help Lovin' Dat Man,realbook_hal_6th_Bb.pdf,68,68,Bb,Jerome Kern/Oscar Hammerstein
Central Park West,realbook_hal_6th_Bb.pdf,69,69,Bb,John Coltrane
Captain Marvel,realbook_hal_6th_Bb.pdf,70,71,Bb,Chick Corea
Ceora,realbook_hal_6th_Bb.pdf,72,72,Bb,Lee Morgan
Chelsea Bells,realbook_hal_6th_Bb.pdf,73,73,Bb,Steve Swallow
Chega De Saudade (No More Blues),realbook_hal_6th_Bb.pdf,74,75,Bb,Antonio Carlos Jobim/Vinicius De Moraes
Chelsea Bridge,realbook_hal_6th_Bb.pdf,76,76,Bb,Billy Strayhorn
Cherokee,realbook_hal_6th_Bb.pdf,77,77,Bb,Ray Noble
Cherry Pink And Apple Blossom White,realbook_hal_6th_Bb.pdf,78,78,Bb,Lou I Guyu/Lacome Larne/Mack David
Child Is Born,realbook_hal_6th_Bb.pdf,79,79,Bb,Thad Jones
Chippie,realbook_hal_6th_Bb.pdf,80,80,Bb,Ornette Coleman
Chitlens Con Carne,realbook_hal_6th_Bb.pdf,81,81,Bb,Kenny Burrell
Come Sunday,realbook_hal_6th_Bb.pdf,82,82,Bb,Duke Ellington
Como En Vietnam,realbook_hal_6th_Bb.pdf,83,83,Bb,Steve Swallow
Con Alma,realbook_hal_6th_Bb.pdf,84,85,Bb,Dizzy Gillespie
Conception,realbook_hal_6th_Bb.pdf,86,86,Bb,George Shearing
Confirmation,realbook_hal_6th_Bb.pdf,87,87,Bb,Charlie Parker
Contemplation,realbook_hal_6th_Bb.pdf,88,88,Bb,McCoy Tyner
Coral,realbook_hal_6th_Bb.pdf,89,89,Bb,Keith Jarrett
Cottontail,realbook_hal_6th_Bb.pdf,90,90,Bb,Duke Ellington
Could It Be You,realbook_hal_6th_Bb.pdf,91,91,Bb,Cole Porter
Countdown,realbook_hal_6th_Bb.pdf,92,92,Bb,John Coltrane
Crescent,realbook_hal_6th_Bb.pdf,93,93,Bb,John Coltrane
Crystal Silence,realbook_hal_6th_Bb.pdf,94,94,Bb,Chick Corea
D Natural Blues,realbook_hal_6th_Bb.pdf,95,95,Bb,Wes Montgomery
Daahoud,realbook_hal_6th_Bb.pdf,96,97,Bb,Clifford Brown
Dancing On The Ceiling,realbook_hal_6th_Bb.pdf,98,98,Bb,Richard Rodgers/Lorenz Hart
Darn That Dream,realbook_hal_6th_Bb.pdf,99,99,Bb,Jimmy Van Heusen/Eddie De Lange
Day Waves,realbook_hal_6th_Bb.pdf,100,100,Bb,Chick Corea/Neville Potter
Days And Nights Waiting,realbook_hal_6th_Bb.pdf,101,101,Bb,Keith Jarrett
Dear Old Stockholm,realbook_hal_6th_Bb.pdf,102,102,Bb,Yarmeland
Dearly Beloved,realbook_hal_6th_Bb.pdf,103,103,Bb,Jerome Kern/Johnny Mercer
Dedicated To You,realbook_hal_6th_Bb.pdf,104,104,Bb,Sammy Cahn/Saul Chaplin/Hy Zaret
Detour Ahead,realbook_hal_6th_Bb.pdf,105,105,Bb,Herb Ellis/John Fried/Lou Carter
Deluge,realbook_hal_6th_Bb.pdf,106,107,Bb,Wayne Shorter
Desafinado,realbook_hal_6th_Bb.pdf,108,109,Bb,Antonio Carlos Jobim/Newton Mendonca
Desert Air,realbook_hal_6th_Bb.pdf,110,111,Bb,Chick Corea
Dexterity,realbook_hal_6th_Bb.pdf,112,112,Bb,Charlie Parker
Dizzy Atmosphere,realbook_hal_6th_Bb.pdf,113,113,Bb,Dizzy Gillespie
Django,realbook_hal_6th_Bb.pdf,114,115,Bb,John Lewis
Doin' The Pig,realbook_hal_6th_Bb.pdf,116,117,Bb,Steve Swallow
Delores,realbook_hal_6th_Bb.pdf,118,118,Bb,Wayne Shorter
Dolphin Dance,realbook_hal_6th_Bb.pdf,119,119,Bb,Herbie Hancock
Domino Biscuit,realbook_hal_6th_Bb.pdf,120,120,Bb,Steve Swallow
Don't Blame Me,realbook_hal_6th_Bb.pdf,121,121,Bb,Jimmy McHugh/Dorothy Fields
Don't Get Around Much Anymore,realbook_hal_6th_Bb.pdf,122,122,Bb,Duke Ellington/Bob Russet
Donna Lee,realbook_hal_6th_Bb.pdf,123,123,Bb,Charlie Parker
Dream A Little Dream Of Me,realbook_hal_6th_Bb.pdf,124,124,Bb,Wilbur Schloandt/Fabian Andreee/Gus Kahn
Dreamsville,realbook_hal_6th_Bb.pdf,125,125,Bb,Henry Mancini/Jay Livingston/Ray Evans
Easter Parade,realbook_hal_6th_Bb.pdf,126,126,Bb,Irving Berlin
Easy Living,realbook_hal_6th_Bb.pdf,127,127,Bb,Leo Robin/Ralph Ranger
Easy To Love,realbook_hal_6th_Bb.pdf,128,128,Bb,Cole Porter
Ecclusiastics,realbook_hal_6th_Bb.pdf,129,129,Bb,Charles Mingus
Eighty One,realbook_hal_6th_Bb.pdf,130,130,Bb,Miles Davis/Ronald Carter
El Gaucho,realbook_hal_6th_Bb.pdf,131,131,Bb,Wayne Shorter
Epistrophy,realbook_hal_6th_Bb.pdf,132,132,Bb,Thelonious Monk/Kenny Clarke
Equinox,realbook_hal_6th_Bb.pdf,133,133,Bb,John Coltrane
Equipoise,realbook_hal_6th_Bb.pdf,134,134,Bb,Stanley Cowell
E.S.P.,realbook_hal_6th_Bb.pdf,135,135,Bb,Wayne Shorter
Fall,realbook_hal_6th_Bb.pdf,136,136,Bb,Wayne Shorter
Falling Grace,realbook_hal_6th_Bb.pdf,137,137,Bb,Steve Swallow
Falling In Love With Love,realbook_hal_6th_Bb.pdf,138,138,Bb,Richard Rodgers/Lorenz Hart
Fee-Fi-Fo-Fum,realbook_hal_6th_Bb.pdf,139,139,Bb,Wayne Shorter
Fine Romance,realbook_hal_6th_Bb.pdf,140,140,Bb,Jerome Kern/Dorothy Fields
500 Miles High,realbook_hal_6th_Bb.pdf,141,140,Bb,Chick Corea/Neville Potter
Five Hundred Miles High,realbook_hal_6th_Bb.pdf,141,141,Bb,Chick Corea/Neville Potter
502 Blues,realbook_hal_6th_Bb.pdf,142,142,Bb,James Rowles
Follow Your Heart,realbook_hal_6th_Bb.pdf,143,143,Bb,John McLaughlin
Footprints,realbook_hal_6th_Bb.pdf,144,144,Bb,Wayne Shorter
For All We Know,realbook_hal_6th_Bb.pdf,145,145,Bb,J. Fred Coots
For Heavens Sake,realbook_hal_6th_Bb.pdf,146,146,Bb,Don Meyer/Elise Bretton/Sherman Edwards
For Sentimental Reasons,realbook_hal_6th_Bb.pdf,147,147,Bb,William Best/Deek Watson
Forest Flower,realbook_hal_6th_Bb.pdf,148,148,Bb,Charles Lloyd
Four,realbook_hal_6th_Bb.pdf,149,149,Bb,Miles Davis
Four On Six,realbook_hal_6th_Bb.pdf,150,150,Bb,Wes Montgomery
Freddie The Freeloader,realbook_hal_6th_Bb.pdf,151,151,Bb,Miles Davis
Freedom Jazz Dance,realbook_hal_6th_Bb.pdf,152,152,Bb,Eddie Harris
Gee Baby Ain't I Good To You,realbook_hal_6th_Bb.pdf,153,153,Bb,Don Redman/Andy Razaf
Full House,realbook_hal_6th_Bb.pdf,154,155,Bb,Wes Montgomery
Gemini,realbook_hal_6th_Bb.pdf,156,156,Bb,Jimmy Heath
Giant Steps,realbook_hal_6th_Bb.pdf,157,157,Bb,John Coltrane
Girl From Ipanema,realbook_hal_6th_Bb.pdf,158,158,Bb,Antonio Carlos Jobim/Norman Gimbel/Vinicius De Moraes
Gloria's Step,realbook_hal_6th_Bb.pdf,159,159,Bb,Scott LeFaro
God Bless The Child,realbook_hal_6th_Bb.pdf,160,160,Bb,Arthur Herzog Jr./Billy Holiday
Golden Lady,realbook_hal_6th_Bb.pdf,161,161,Bb,Stevie Wonder
Good Evening Mr. And Mrs.America,realbook_hal_6th_Bb.pdf,162,163,Bb,John Guerin
Grand Central,realbook_hal_6th_Bb.pdf,164,164,Bb,John Coltrane
Green Mountains,realbook_hal_6th_Bb.pdf,165,165,Bb,Steve Swallow
Groovin' High,realbook_hal_6th_Bb.pdf,166,166,Bb,Dizzy Gillespie
Grow Your Own,realbook_hal_6th_Bb.pdf,167,167,Bb,Keith Jarrett
Guilty,realbook_hal_6th_Bb.pdf,168,168,Bb,Gus Kahn/Richard Whiting/Harry Akst
Gypsy In My Soul,realbook_hal_6th_Bb.pdf,169,169,Bb,Clay Booland/Moe Jaffe/Clay Boland
Half Nelson,realbook_hal_6th_Bb.pdf,170,171,Bb,Miles Davis
Have You Met Miss Jones,realbook_hal_6th_Bb.pdf,172,172,Bb,Richard Rodgers/Lorenz Hart
Heaven,realbook_hal_6th_Bb.pdf,173,173,Bb,Duke Ellington
Heebie Jeebies,realbook_hal_6th_Bb.pdf,174,174,Bb,Boyd Atkins
Here's That Rainy Day,realbook_hal_6th_Bb.pdf,175,175,Bb,Jimmy Van Heusen/Johnny Burke
Hello Young Lovers,realbook_hal_6th_Bb.pdf,176,177,Bb,Richard Rodgers/Oscar Hammerstein
Hot Toddy,realbook_hal_6th_Bb.pdf,178,178,Bb,Herb Hendler/Ralph Flanagan
House Of Jade,realbook_hal_6th_Bb.pdf,179,179,Bb,Wayne Shorter
How High The Moon,realbook_hal_6th_Bb.pdf,180,180,Bb,Morgan Lewis/Nancy Hamilton
How Insensitive,realbook_hal_6th_Bb.pdf,181,181,Bb,Antonio Carlos Jobim/Norman Gimbel/Vinicius De Moraes
How My Heart Sings,realbook_hal_6th_Bb.pdf,182,182,Bb,Earl Zindars/Anne Zindars
Hullo Bolinas,realbook_hal_6th_Bb.pdf,183,183,Bb,Steve Swallow
I Can't Get Started With You,realbook_hal_6th_Bb.pdf,184,184,Bb,Vernon Duke/Ira Gershwin
I Can't Give You Anything But Love,realbook_hal_6th_Bb.pdf,185,185,Bb,Jimmy McHugh/Dorothy Fields
I Could Write A Book,realbook_hal_6th_Bb.pdf,186,186,Bb,Richard Rodgers/Lorenz Hart
I Got It Bad And That Ain't Good,realbook_hal_6th_Bb.pdf,187,187,Bb,Duke Ellington/Phil Francis Webster
I Let A Song Go Out Of My Heart,realbook_hal_6th_Bb.pdf,188,188,Bb,Duke Ellington/Henry Nemo/John Redmond/Irving Mills
I Love Paris,realbook_hal_6th_Bb.pdf,189,189,Bb,Cole Porter
I Love You,realbook_hal_6th_Bb.pdf,190,190,Bb,Cole Porter
I Mean You,realbook_hal_6th_Bb.pdf,191,191,Bb,Thelonious Monk/Coleman Hawkins
I Remember Clifford,realbook_hal_6th_Bb.pdf,192,193,Bb,Benny Golson
I Should Care,realbook_hal_6th_Bb.pdf,194,194,Bb,Sammy Fain/Axel Sterdsh/Phil Weston
I Wish I Knew How It Would Feel To Be Free,realbook_hal_6th_Bb.pdf,195,195,Bb,Billy Taylor
I'll Never Smile Again,realbook_hal_6th_Bb.pdf,196,196,Bb,Ruth Lowe
I'll Remember April,realbook_hal_6th_Bb.pdf,197,197,Bb,Pat Johnson/Don Rave/Gene Dr Paul
I'm All Smiles,realbook_hal_6th_Bb.pdf,198,199,Bb,Michael Leonard/Herbert Martin
I'm Beginning To See The Light,realbook_hal_6th_Bb.pdf,200,200,Bb,Don George/Johnny Hodges/Duke Ellington/Harry James
I'm Your Pal,realbook_hal_6th_Bb.pdf,201,201,Bb,Steve Swallow
Icarus,realbook_hal_6th_Bb.pdf,202,203,Bb,Ralph N. Towner
If You Never Come To Me,realbook_hal_6th_Bb.pdf,204,204,Bb,Antonio Carlos Jobim/Aloysid De Oliverira/Ray Gilbert
Impressions,realbook_hal_6th_Bb.pdf,205,205,Bb,John Coltrane
In A Mellow Tone,realbook_hal_6th_Bb.pdf,206,206,Bb,Duke Ellington
In A Sentimental Mood,realbook_hal_6th_Bb.pdf,207,207,Bb,Duke Ellington
In The Modd,realbook_hal_6th_Bb.pdf,208,209,Bb,Joe Garland
In The Wee Small Hours Of The Morning,realbook_hal_6th_Bb.pdf,210,210,Bb,David Mann/Bob Hilliard
In Your Quiet Place,realbook_hal_6th_Bb.pdf,211,211,Bb,Keith Jarrett
Inchworm,realbook_hal_6th_Bb.pdf,212,212,Bb,Frank Losser
Indian Lady,realbook_hal_6th_Bb.pdf,213,213,Bb,Don Ellis
Inner Urge,realbook_hal_6th_Bb.pdf,214,214,Bb,Joe Henderson
Interplay,realbook_hal_6th_Bb.pdf,215,215,Bb,Bill Evans
Intrepid Fox,realbook_hal_6th_Bb.pdf,216,216,Bb,Freddie Hubbard
Invitation,realbook_hal_6th_Bb.pdf,217,217,Bb,Bronislau Kaper/Paul Francis Webster
Iris,realbook_hal_6th_Bb.pdf,218,218,Bb,Wayne Shorter
Isn't It Romantic,realbook_hal_6th_Bb.pdf,219,219,Bb,Richard Rodgers/Lorenz Hart
Is You Is Or Is You Ain't,realbook_hal_6th_Bb.pdf,220,221,Bb,Billy Austin/Louis Jordan
Isotope,realbook_hal_6th_Bb.pdf,222,222,Bb,Joe Henderson
Israel,realbook_hal_6th_Bb.pdf,223,223,Bb,John Carisi
It Don't Mean A Thing,realbook_hal_6th_Bb.pdf,224,224,Bb,Duke Ellington/Irving Mills
It's Easy To Remember,realbook_hal_6th_Bb.pdf,225,225,Bb,Richard Rodgers/Lorenz Hart
Jelly Roll,realbook_hal_6th_Bb.pdf,226,226,Bb,Charles Mingus
Jordu,realbook_hal_6th_Bb.pdf,227,227,Bb,Duke Jordan
Journey To Recife,realbook_hal_6th_Bb.pdf,228,228,Bb,Richard Evans/Norman Gimbel
Joy Spring,realbook_hal_6th_Bb.pdf,229,229,Bb,Clifford Brown
Juju,realbook_hal_6th_Bb.pdf,230,230,Bb,Wayne Shorter
June In January,realbook_hal_6th_Bb.pdf,231,231,Bb,Leo Robin/Ralph Ranger
Jump Monk,realbook_hal_6th_Bb.pdf,232,233,Bb,Charles Mingus
Just One More Chance,realbook_hal_6th_Bb.pdf,234,234,Bb,Arthur Johnson/Sam Coslow
Lady Bird,realbook_hal_6th_Bb.pdf,235,235,Bb,Todd Dameron
KELO,realbook_hal_6th_Bb.pdf,236,237,Bb,J. J. Johnson
Lady Sings The Blues,realbook_hal_6th_Bb.pdf,238,238,Bb,Herbert Nichols/Billy Holiday
Lament,realbook_hal_6th_Bb.pdf,239,239,Bb,J. J. Johnson
Las Vegas Tango,realbook_hal_6th_Bb.pdf,240,240,Bb,Gil Evans
Lazy Bird,realbook_hal_6th_Bb.pdf,241,241,Bb,John Coltrane
Lazy River,realbook_hal_6th_Bb.pdf,242,242,Bb,Hoagy Carmichael/Sidney Arodin
Like Someone In Love,realbook_hal_6th_Bb.pdf,243,243,Bb,Jimmy Van Heusen/Johnny Burke
Limehouse Blues,realbook_hal_6th_Bb.pdf,244,244,Bb,Philip Braham/Douglas Furber
Little Boat,realbook_hal_6th_Bb.pdf,245,245,Bb,Roberto Menescal/Ronaldo Bogcoli/Buddy Kaye
Lines And Spaces,realbook_hal_6th_Bb.pdf,246,247,Bb,Joe Lovano
Litha,realbook_hal_6th_Bb.pdf,248,249,Bb,Chick Corea
Little Waltz,realbook_hal_6th_Bb.pdf,250,250,Bb,Ron Carter
Long Ago And Far Away,realbook_hal_6th_Bb.pdf,251,251,Bb,Jerome Kern/Ira Gershwin
Lonnie's Lament,realbook_hal_6th_Bb.pdf,252,252,Bb,John Coltrane
Look To The Sky,realbook_hal_6th_Bb.pdf,253,253,Bb,Antonio Carlos Jobim
Love Is The Sweetest Thing,realbook_hal_6th_Bb.pdf,254,254,Bb,Ray Nobel
Lucky Southern,realbook_hal_6th_Bb.pdf,255,255,Bb,Keith Jarrett
Lullaby Of Birdland,realbook_hal_6th_Bb.pdf,256,256,Bb,George Shearing/George Davis We
Magician In You The,realbook_hal_6th_Bb.pdf,257,257,Bb,Keith Jarrett
Lush Life,realbook_hal_6th_Bb.pdf,258,259,Bb,Billy Strayhorn
Majoong,realbook_hal_6th_Bb.pdf,260,260,Bb,Wayne Shorter
Maiden Voyage,realbook_hal_6th_Bb.pdf,261,261,Bb,Herbie Hancock
Man And A Woman (A),realbook_hal_6th_Bb.pdf,262,263,Bb,Francis Lai/Pierre Barouh/Jerry Keller
Man In The Green Shirt,realbook_hal_6th_Bb.pdf,264,265,Bb,Joe Zawinul
Meditation,realbook_hal_6th_Bb.pdf,266,266,Bb,Antonio Carlos Jobim/Newton Mendonca/Norman Gimbel
Memories Of Tomorrow,realbook_hal_6th_Bb.pdf,267,267,Bb,Keith Jarrett
Michelle,realbook_hal_6th_Bb.pdf,268,268,Bb,John Lennon/Paul McCartney
Midnight Mood,realbook_hal_6th_Bb.pdf,269,269,Bb,Joe Zawinul
Midwestern Night Dream,realbook_hal_6th_Bb.pdf,270,271,Bb,Pat Metheny
Milano,realbook_hal_6th_Bb.pdf,272,272,Bb,John Lewis
Minority,realbook_hal_6th_Bb.pdf,273,273,Bb,Gigi Gryce
Miss Ann,realbook_hal_6th_Bb.pdf,274,274,Bb,Eric Dolphy
Missouri Uncompromised,realbook_hal_6th_Bb.pdf,275,275,Bb,Pat Metheny
Mr. P.C.,realbook_hal_6th_Bb.pdf,276,276,Bb,John Coltrane
Misty,realbook_hal_6th_Bb.pdf,277,277,Bb,Erroll Garner
Miyako,realbook_hal_6th_Bb.pdf,278,278,Bb,Wayne Shorter
Mood Indigo,realbook_hal_6th_Bb.pdf,279,279,Bb,Duke Ellington/Irving Mills/Albany Bigard
Moment's Notice,realbook_hal_6th_Bb.pdf,280,281,Bb,John Coltrane
Moonchild,realbook_hal_6th_Bb.pdf,282,282,Bb,Keith Jarrett
Most Beautiful Girl In The World (The),realbook_hal_6th_Bb.pdf,283,283,Bb,Richard Rodgers/Lorenz Hart
My Buddy,realbook_hal_6th_Bb.pdf,284,284,Bb,Walter Donaldson/Gus Kahn
My Favorite Things,realbook_hal_6th_Bb.pdf,285,285,Bb,Richard Rodgers/Oscar Hammerstein
My Foolish Heart,realbook_hal_6th_Bb.pdf,286,286,Bb,Victor Young/Ned Washington
My Funny Valentine,realbook_hal_6th_Bb.pdf,287,287,Bb,Richard Rodgers/Lorenz Hart
My One And Only Love,realbook_hal_6th_Bb.pdf,288,288,Bb,Guy Wood/Robert Mellin
My Romance,realbook_hal_6th_Bb.pdf,289,289,Bb,Richard Rodgers/Lorenz Hart
My Shining Hour,realbook_hal_6th_Bb.pdf,290,290,Bb,Harold Arlen/Johnny Mercer
My Ship,realbook_hal_6th_Bb.pdf,291,291,Bb,Kurt Weill/Ira Gershwin
My Way,realbook_hal_6th_Bb.pdf,292,292,Bb,Jacques Revaux/Claude Francois/Paul Anka/Gilles Thibald
Naima,realbook_hal_6th_Bb.pdf,293,293,Bb,John Coltrane
Mysterious Traveller,realbook_hal_6th_Bb.pdf,294,295,Bb,Wayne Shorter
Nardis,realbook_hal_6th_Bb.pdf,296,296,Bb,Miles Davis
Nefertiti,realbook_hal_6th_Bb.pdf,297,297,Bb,Wayne Shorter
Never Will I Marry,realbook_hal_6th_Bb.pdf,298,298,Bb,Frank Losser
Nica's Dream,realbook_hal_6th_Bb.pdf,299,299,Bb,Horace Silver
Night Dreamer,realbook_hal_6th_Bb.pdf,300,300,Bb,Wayne Shorter
Night Has A Thousand Eyes,realbook_hal_6th_Bb.pdf,301,301,Bb,Jerry Brainin/Buddy Bernier
Night In Tunisia(A),realbook_hal_6th_Bb.pdf,302,302,Bb,Dizzy Gillespie/Frank Paparelli
Nobody Knows You When You're Down and Out,realbook_hal_6th_Bb.pdf,303,303,Bb,Jimmie Cox
Night Train,realbook_hal_6th_Bb.pdf,304,305,Bb,Jimmy Forrest/Oscar Washington/Lewis C. Simpkin's
Nostalgia In Times Square,realbook_hal_6th_Bb.pdf,306,306,Bb,Charles Mingus
Nuages,realbook_hal_6th_Bb.pdf,307,307,Bb,Django Reinhardt
Old Man From the Old Country,realbook_hal_6th_Bb.pdf,308,308,Bb,Nat Adderly/Curtis R. Lewis
Oleo,realbook_hal_6th_Bb.pdf,309,309,Bb,Sonny Rollins
Olinoqui Valley,realbook_hal_6th_Bb.pdf,310,310,Bb,Herbie Hancock
Once I Loved,realbook_hal_6th_Bb.pdf,311,311,Bb,Antonio Carlos Jobim/Vinicius De Moraes/Ray Gilbert
Once In Love With Amy,realbook_hal_6th_Bb.pdf,312,312,Bb,Frank Losser
One Finger Snap,realbook_hal_6th_Bb.pdf,313,313,Bb,Herbie Hancock
One Note Samba,realbook_hal_6th_Bb.pdf,314,314,Bb,Antonio Carlos Jobim/Newton Mendonca
Only Trust Your Heart,realbook_hal_6th_Bb.pdf,315,315,Bb,Benny Carter/Sammy Cahn
Orbits,realbook_hal_6th_Bb.pdf,316,316,Bb,Wayne Shorter
Ornithology,realbook_hal_6th_Bb.pdf,317,317,Bb,Charlie Parker/Bennie Harris
Out Of Nowhere,realbook_hal_6th_Bb.pdf,318,318,Bb,Johnny Green/Edward Heyman
Paper Doll,realbook_hal_6th_Bb.pdf,319,319,Bb,Johnny S. Black
Passion Dance,realbook_hal_6th_Bb.pdf,320,320,Bb,McCoy Tyner
Passion Flower,realbook_hal_6th_Bb.pdf,321,321,Bb,Billy Strayhorn/Milton Raskin
Peace,realbook_hal_6th_Bb.pdf,322,322,Bb,Horace Silver
Peggy's Blue Skylight,realbook_hal_6th_Bb.pdf,323,323,Bb,Charles Mingus
Pent-Up House,realbook_hal_6th_Bb.pdf,324,324,Bb,Sonny Rollins
Penthouse Serenade,realbook_hal_6th_Bb.pdf,325,325,Bb,Will Jason/Val Burton
Peri's Scope,realbook_hal_6th_Bb.pdf,326,326,Bb,Bill Evans
Pfrancing (No Blues),realbook_hal_6th_Bb.pdf,327,327,Bb,Miles Davis
Pinocchio,realbook_hal_6th_Bb.pdf,328,328,Bb,Wayne Shorter
Pithycanthropus Erectus,realbook_hal_6th_Bb.pdf,329,329,Bb,Charles Mingus
Portsmouth Figurations,realbook_hal_6th_Bb.pdf,330,330,Bb,Steve Swallow
Prelude To A Kiss,realbook_hal_6th_Bb.pdf,331,331,Bb,Duke Ellington/Irving Gordon/Irving Mills
Prince Of Darkness,realbook_hal_6th_Bb.pdf,332,332,Bb,Wayne Shorter
P.S. I Love You,realbook_hal_6th_Bb.pdf,333,333,Bb,Gordon Jenkins/Johnny Mercer
Pussy Cat Dues,realbook_hal_6th_Bb.pdf,334,334,Bb,Charles Mingus
Corcovado,realbook_hal_6th_Bb.pdf,335,335,Bb,Antonio Carlos Jobim/Gene Lees
Quiet Night Of Quiet Stars (Corcovado),realbook_hal_6th_Bb.pdf,335,335,Bb,Antonio Carlos Jobim/Gene Lees
Quiet Now,realbook_hal_6th_Bb.pdf,336,336,Bb,Denny Zeitlin
Recorda-Me,realbook_hal_6th_Bb.pdf,337,337,Bb,Joe Henderson
Red Clay,realbook_hal_6th_Bb.pdf,338,339,Bb,Freddie Hubbard
Reflections,realbook_hal_6th_Bb.pdf,340,340,Bb,Thelonious Monk
Ring Dem Bells,realbook_hal_6th_Bb.pdf,341,341,Bb,Duke Ellington/Irving Mills
Reincarnation Of A Lovebird,realbook_hal_6th_Bb.pdf,342,343,Bb,Charles Mingus
Road Song,realbook_hal_6th_Bb.pdf,344,344,Bb,Wes Montgomery
Round Midnight,realbook_hal_6th_Bb.pdf,345,345,Bb,Thelonious Monk/Cootie Williams/Bernie Hanighen
Ruby My Dear,realbook_hal_6th_Bb.pdf,346,347,Bb,Thelonious Monk
Saga Of Harrison Crabpeathers,realbook_hal_6th_Bb.pdf,348,348,Bb,Steve Kuhn
Satin Doll,realbook_hal_6th_Bb.pdf,349,349,Bb,Duke Ellington
Scotch And Soda,realbook_hal_6th_Bb.pdf,350,350,Bb,Dave Guard
Scrapple From The Apple,realbook_hal_6th_Bb.pdf,351,351,Bb,Charlie Parker
Sea Journey,realbook_hal_6th_Bb.pdf,352,353,Bb,Chick Corea/Neville Potter
Seven Come Eleven,realbook_hal_6th_Bb.pdf,354,354,Bb,Benny Goodman/Charlie Christian
Sidewinder,realbook_hal_6th_Bb.pdf,355,355,Bb,Lee Morgan
Seven Steps To Heaven,realbook_hal_6th_Bb.pdf,356,357,Bb,Miles David/Victor Feldman
Silver Hollow,realbook_hal_6th_Bb.pdf,358,358,Bb,Jack DeJohnette
Sirabhorn,realbook_hal_6th_Bb.pdf,359,359,Bb,Pat Metheny
Skating In Central Park,realbook_hal_6th_Bb.pdf,360,361,Bb,John Lewis
So Nice (Summer Samba),realbook_hal_6th_Bb.pdf,362,362,Bb,Marcos Valle/Paulo Sergio Valle/Norman Gimbel
Solar,realbook_hal_6th_Bb.pdf,363,363,Bb,Miles Davis
So What,realbook_hal_6th_Bb.pdf,364,365,Bb,Miles Davis
Solitude,realbook_hal_6th_Bb.pdf,366,366,Bb,Duke Ellington/Eddie De Lange/Irving Mills
Someday My Prince Will Come,realbook_hal_6th_Bb.pdf,367,367,Bb,Frank Churchill/Larry Morey
Some Other Spring,realbook_hal_6th_Bb.pdf,368,368,Bb,Arthur Herzog Jr./Irene Kitchings
Somebody Love Me,realbook_hal_6th_Bb.pdf,369,369,Bb,George Gershwin/B. G. Desylva/Ballard MacDonald/Emelia Renaud
Some Skunk Funk,realbook_hal_6th_Bb.pdf,370,371,Bb,Randy Brecker
Sometime Ago,realbook_hal_6th_Bb.pdf,372,372,Bb,Sergio Mihanovich
Song For My Father,realbook_hal_6th_Bb.pdf,373,373,Bb,Horace Silver
Song Is You,realbook_hal_6th_Bb.pdf,374,375,Bb,Jerome Kern/Oscar Hammerstein
Sophisticated Lady,realbook_hal_6th_Bb.pdf,376,376,Bb,Duke Ellington/Irving Mills/Mitchell Parish
Sorcerer,realbook_hal_6th_Bb.pdf,377,377,Bb,Herbie Hancock
Speak No Evil,realbook_hal_6th_Bb.pdf,378,378,Bb,Wayne Shorter
Sphinx (The),realbook_hal_6th_Bb.pdf,379,379,Bb,Ornette Coleman
Standing On The Corner,realbook_hal_6th_Bb.pdf,380,380,Bb,Frank Losser
Star-Crossed Lovers,realbook_hal_6th_Bb.pdf,381,381,Bb,Duke Ellington/Billy Strayhorn
Stella By Starlight,realbook_hal_6th_Bb.pdf,382,382,Bb,Victor Young/Ned Washington
Steps,realbook_hal_6th_Bb.pdf,383,383,Bb,Chick Corea
Stolen Moments,realbook_hal_6th_Bb.pdf,384,384,Bb,Oliver Nelson
Stompin' At The Savoy,realbook_hal_6th_Bb.pdf,385,385,Bb,Benny Goodman/Edgar Sampson/Chick Webb
Straight No Chaser,realbook_hal_6th_Bb.pdf,386,386,Bb,Thelonious Monk
Sugar,realbook_hal_6th_Bb.pdf,387,387,Bb,Stanley Turrentine
String Of Pearls,realbook_hal_6th_Bb.pdf,388,389,Bb,Jerry Gray
Stuff,realbook_hal_6th_Bb.pdf,390,391,Bb,Miles Davis
Sunday Kind Of Love,realbook_hal_6th_Bb.pdf,392,392,Bb,Barbara Belle/Louis Prima/Anita Leonard/Stan Rhodes
Surrey With The Fringe On Top,realbook_hal_6th_Bb.pdf,393,393,Bb,Richard Rodgers/Oscar Hammerstein
Swedish Pastry,realbook_hal_6th_Bb.pdf,394,394,Bb,Barney Kessel
Sweet Georgia Bright,realbook_hal_6th_Bb.pdf,395,395,Bb,Charles Lloyd
Sweet Henry,realbook_hal_6th_Bb.pdf,396,396,Bb,Steve Swallow/Jack Gregg
Take Five,realbook_hal_6th_Bb.pdf,397,397,Bb,Paul Desmond
Take The A Train,realbook_hal_6th_Bb.pdf,398,398,Bb,Billy Strayhorn
Thanks For The Memory,realbook_hal_6th_Bb.pdf,399,399,Bb,Leo Robin/Ralph Ranger
Tame Thy Pen,realbook_hal_6th_Bb.pdf,400,401,Bb,Richard Niles
Tell Me A Bedtime Story,realbook_hal_6th_Bb.pdf,402,403,Bb,Herbie Hancock
That's Amore,realbook_hal_6th_Bb.pdf,404,405,Bb,Harry Warren/Jack Brooks
There Is No Greater Love,realbook_hal_6th_Bb.pdf,406,406,Bb,Isham Jones/Marty Symes
There Will Never Be Another You,realbook_hal_6th_Bb.pdf,407,407,Bb,Harry Warren/Mack Gordon
There'll Be Some Changes Made,realbook_hal_6th_Bb.pdf,408,408,Bb,Brenton Overstreet/Billy Higgins
They Didn't Believe Me,realbook_hal_6th_Bb.pdf,409,409,Bb,Jerome Kern/Herbert Reynolds
Think On Me,realbook_hal_6th_Bb.pdf,410,410,Bb,George Cables
Thou Swell,realbook_hal_6th_Bb.pdf,411,411,Bb,Richard Rodgers/Lorenz Hart
Three Flowers,realbook_hal_6th_Bb.pdf,412,412,Bb,McCoy Tyner
Time Remembered,realbook_hal_6th_Bb.pdf,413,413,Bb,Bill Evans
Tones For Joan's Bones,realbook_hal_6th_Bb.pdf,414,414,Bb,Chick Corea
Topsy,realbook_hal_6th_Bb.pdf,415,415,Bb,Edgar Battle/Eddie Durham
Tour De Force,realbook_hal_6th_Bb.pdf,416,416,Bb,Dizzy Gillespie
Triste,realbook_hal_6th_Bb.pdf,417,417,Bb,Antonio Carlos Jobim
Tune-Up,realbook_hal_6th_Bb.pdf,418,418,Bb,Miles Davis
Turn Out The Stars,realbook_hal_6th_Bb.pdf,419,419,Bb,Bill Evans/Gene Lees
Twisted Blues,realbook_hal_6th_Bb.pdf,420,420,Bb,Wes Montgomery
Unquity Road,realbook_hal_6th_Bb.pdf,421,421,Bb,Pat Metheny
Unchain My Heart,realbook_hal_6th_Bb.pdf,422,423,Bb,Bobby Sharp/Teddy Powell
Unity Village,realbook_hal_6th_Bb.pdf,424,424,Bb,Pat Metheny
Up Jumped Spring,realbook_hal_6th_Bb.pdf,425,425,Bb,Freddie Hubbard
Upper Manhattan Medical Group,realbook_hal_6th_Bb.pdf,426,426,Bb,Billy Strayhorn
Valse Hot,realbook_hal_6th_Bb.pdf,427,427,Bb,Sonny Rollins
Very Early,realbook_hal_6th_Bb.pdf,428,428,Bb,Bill Evans
Virgo,realbook_hal_6th_Bb.pdf,429,429,Bb,Wayne Shorter
Wait Till You See Her,realbook_hal_6th_Bb.pdf,430,430,Bb,Richard Rodgers/Lorenz Hart
Wave,realbook_hal_6th_Bb.pdf,431,431,Bb,Antonio Carlos Jobim
Waltz For Debby,realbook_hal_6th_Bb.pdf,432,433,Bb,Bill Evans/Gene Lees
We'll Be Together Again,realbook_hal_6th_Bb.pdf,434,434,Bb,Carl Fisher/Frankie Lane
Well You Needn't,realbook_hal_6th_Bb.pdf,435,435,Bb,Thelonious Monk/Mike Ferro
West Coast Blues,realbook_hal_6th_Bb.pdf,436,436,Bb,Wes Montgomery
What Am I Here For,realbook_hal_6th_Bb.pdf,437,437,Bb,Duke Ellington
What Was,realbook_hal_6th_Bb.pdf,438,438,Bb,Chick Corea
When I Fall In Love,realbook_hal_6th_Bb.pdf,439,439,Bb,Victor Young/Edward Heyman
When Sunny Gets Blue,realbook_hal_6th_Bb.pdf,440,440,Bb,Marvin Fisher/Jack Segal
When You Wish Upon A Star,realbook_hal_6th_Bb.pdf,441,441,Bb,Leigh Harline/Ned Washington
Whispering,realbook_hal_6th_Bb.pdf,442,442,Bb,Richard Coburn/John Schonberger/Victor Rose
Windows,realbook_hal_6th_Bb.pdf,443,443,Bb,Chick Corea
Wild Flower,realbook_hal_6th_Bb.pdf,444,445,Bb,Wayne Shorter
Witch Hunt,realbook_hal_6th_Bb.pdf,446,446,Bb,Wayne Shorter
Woodchopper's Ball,realbook_hal_6th_Bb.pdf,447,447,Bb,Joe Bishop/Woody Herman
Wives And Lovers,realbook_hal_6th_Bb.pdf,448,449,Bb,Burt Bacharach/Hal David
Woody'n You,realbook_hal_6th_Bb.pdf,450,450,Bb,Dizzy Gillespie
World Is Waiting For The Sunrise (The),realbook_hal_6th_Bb.pdf,451,451,Bb,Ernest Seitz/Eugene Lockhart
Yes Or No,realbook_hal_6th_Bb.pdf,452,452,Bb,Wayne Shorter
Yesterday,realbook_hal_6th_Bb.pdf,453,453,Bb,John Lennon/Paul McCartney
Yesterdays,realbook_hal_6th_Bb.pdf,454,454,Bb,Jerome Kern/Otto Harbach
You Are Too Beautiful,realbook_hal_6th_Bb.pdf,455,455,Bb,Richard Rodgers/Lorenz Hart
You Are The Sunshine Of My Life,realbook_hal_6th_Bb.pdf,456,457,Bb,Stevie Wonder
You Brought A New Kind Of Love To Me,realbook_hal_6th_Bb.pdf,458,458,Bb,Sammie Fain/Irving Kahal/Pierre Norman
You Don't Know What Love Is,realbook_hal_6th_Bb.pdf,459,459,Bb,Don Raye/Gene DePaul
You Took Advantage Of Me,realbook_hal_6th_Bb.pdf,460,460,Bb,Richard Rodgers/Lorenz Hart
Young At Heart,realbook_hal_6th_Bb.pdf,461,461,Bb,Johnny Richards/Carolyn Leigh
You're Nobody 'Til Somebody Loves You,realbook_hal_6th_Bb.pdf,462,462,Bb,Russ Morgan/Larry Stock/James Cavanaugh
