Title,File,Start Page,End Page,Key,Composer
African Flower,realbook_hal_6th_C.pdf,10,10,C,Duke Ellington
Afro Blue,realbook_hal_6th_C.pdf,11,11,C,Mongo Santamaria
Afternoon In Paris,realbook_hal_6th_C.pdf,12,12,C,John Lewis
Airegin,realbook_hal_6th_C.pdf,13,13,C,Sonny Rollins
Agua De Beber,realbook_hal_6th_C.pdf,14,15,C,Antonio Carlos Jobim/Norman Gimbel/Vinicius De Moraes
Alfie,realbook_hal_6th_C.pdf,16,16,C,Burt Bacharach/Hal David
Alice In Wonderland,realbook_hal_6th_C.pdf,17,17,C,Sammy Fain/Bob Hilliard
All Blues,realbook_hal_6th_C.pdf,18,18,C,Miles Davis
All By Myself,realbook_hal_6th_C.pdf,19,19,C,Irving Berlin
All Of Me,realbook_hal_6th_C.pdf,20,20,C,Seymour Simons/Gerald Marks
All Of You,realbook_hal_6th_C.pdf,21,21,C,Cole Porter
All The Things You Are,realbook_hal_6th_C.pdf,22,22,C,Jerome Kern/Oscar Hammerstein
Always,realbook_hal_6th_C.pdf,23,23,C,Irving Berlin
"Alright, Okay, You Win",realbook_hal_6th_C.pdf,24,25,C,Mayme Watts/Sid Wyche
Ana Maria,realbook_hal_6th_C.pdf,26,27,C,Wayne Shorter
Angel Eyes,realbook_hal_6th_C.pdf,28,28,C,Matt Dennis/Earl Brent
Anthropology,realbook_hal_6th_C.pdf,29,29,C,Charlie Parker/Dizzy Gillespie
Apple Honey,realbook_hal_6th_C.pdf,30,31,C,Woody Herman
April In Paris,realbook_hal_6th_C.pdf,32,32,C,Vernon Duke/E. Y. Hrburg
April Joy,realbook_hal_6th_C.pdf,33,33,C,Pat Metheny
Arise Her Eyes,realbook_hal_6th_C.pdf,34,35,C,Steve Swallow
Armageddon,realbook_hal_6th_C.pdf,36,36,C,Wayne Shorter
Au Privave,realbook_hal_6th_C.pdf,37,37,C,Charlie Parker
Autumn In New York,realbook_hal_6th_C.pdf,38,38,C,Vernon Duke
Autumn Leaves,realbook_hal_6th_C.pdf,39,39,C,Joseph Kosma/Johnny Mercer/Jacques Prevert
Beautiful Love,realbook_hal_6th_C.pdf,40,40,C,Victor Young/Wayne King/Egbert Van Alstyne/Haven Gillespie
Beauty And The Blast,realbook_hal_6th_C.pdf,41,41,C,Wayne Shorter
Bessie's Blues,realbook_hal_6th_C.pdf,42,42,C,John Coltrane
Bewitched,realbook_hal_6th_C.pdf,43,43,C,Richard Rodgers/Lorenz Hart
Big Nick,realbook_hal_6th_C.pdf,44,44,C,John Coltrane
Black Coffee,realbook_hal_6th_C.pdf,45,45,C,Paul Francis Webster/Sonny Burke
Black Diamond,realbook_hal_6th_C.pdf,46,46,C,Milton Sealey
Black Narcissus,realbook_hal_6th_C.pdf,47,47,C,Joe Henderson
Black Nile,realbook_hal_6th_C.pdf,48,48,C,Wayne Shorter
Black Orpheus,realbook_hal_6th_C.pdf,49,49,C,Luiz Bonfa
Blue Bossa,realbook_hal_6th_C.pdf,50,50,C,Kenny Durham
Blue In Green,realbook_hal_6th_C.pdf,51,51,C,Miles Davis
Blue Monk,realbook_hal_6th_C.pdf,52,52,C,Thelonious Monk
Blue Room,realbook_hal_6th_C.pdf,53,53,C,Richard Rodgers/Lorenz Hart
Blue Train (Blue Trane),realbook_hal_6th_C.pdf,54,54,C,John Coltrane
Blues For Alice,realbook_hal_6th_C.pdf,55,55,C,Charlie Parker
Bluesette,realbook_hal_6th_C.pdf,56,56,C,Jean Thielemans/Norman Gimbel
Body And Soul,realbook_hal_6th_C.pdf,57,57,C,John Green/Eduoard Heyman/Robert Sear/Frank Eyton
Boplicity,realbook_hal_6th_C.pdf,58,58,C,Miles David/Gil Evans
Bright Size Life,realbook_hal_6th_C.pdf,59,59,C,Pat Metheny
Broad Way Blues,realbook_hal_6th_C.pdf,60,60,C,Ornette Coleman
Broadway,realbook_hal_6th_C.pdf,61,61,C,Bill Byrd/Teddy McRae/Henri Wood
But Beautiful,realbook_hal_6th_C.pdf,62,62,C,Jimmy Van Heusen/Johnny Burke
Butterfly,realbook_hal_6th_C.pdf,63,63,C,Herbie Hancock/Bennie Maupin
Byrd Like,realbook_hal_6th_C.pdf,64,64,C,Freddie Hubbard
C'est Si Bon (It's So Good),realbook_hal_6th_C.pdf,65,65,C,Henri Betti/Jerry Serlen/Andre Hornez
Call Me,realbook_hal_6th_C.pdf,66,66,C,Tony Hatch
Call Me Irresponsible,realbook_hal_6th_C.pdf,67,67,C,James Van Heusen/Sammy Cahn
Can't Hrlp Lovin' Dat Man,realbook_hal_6th_C.pdf,68,68,C,Jerome Kern/Oscar Hammerstein
Central Park West,realbook_hal_6th_C.pdf,69,69,C,John Coltrane
captain Marvel,realbook_hal_6th_C.pdf,70,71,C,Chick Corea
Ceora,realbook_hal_6th_C.pdf,72,72,C,Lee Morgan
Chelsea Bells,realbook_hal_6th_C.pdf,73,73,C,Steve Swallow
Chega De Saudade (No More Blues),realbook_hal_6th_C.pdf,74,75,C,Antonio Carlos Jobim/Vinicius De Moraes
Chelsea Bridge,realbook_hal_6th_C.pdf,76,76,C,Billy Strayhorn
Cherokee,realbook_hal_6th_C.pdf,77,77,C,Ray Noble
Cherry Pink And Apple Blossom White,realbook_hal_6th_C.pdf,78,78,C,Lou I Guyu/Lacome Larne/Mack David
Child Is Born,realbook_hal_6th_C.pdf,79,79,C,Thad Jones
Chippie,realbook_hal_6th_C.pdf,80,80,C,Ornette Coleman
Chitlens Con Carne,realbook_hal_6th_C.pdf,81,81,C,Kenny Burrell
Come Sunday,realbook_hal_6th_C.pdf,82,82,C,Duke Ellington
Como En Vietnam,realbook_hal_6th_C.pdf,83,83,C,Steve Swallow
Con Alma,realbook_hal_6th_C.pdf,84,85,C,Dizzy Gillespie
Conception,realbook_hal_6th_C.pdf,86,86,C,George Shearing
Confirmation,realbook_hal_6th_C.pdf,87,87,C,Charlie Parker
Contemplation,realbook_hal_6th_C.pdf,88,88,C,McCoy Tyner
Coral,realbook_hal_6th_C.pdf,89,89,C,Keith Jarrett
Cottontail,realbook_hal_6th_C.pdf,90,90,C,Duke Ellington
Could It Be You,realbook_hal_6th_C.pdf,91,91,C,Cole Porter
Countdown,realbook_hal_6th_C.pdf,92,92,C,John Coltrane
Crescent,realbook_hal_6th_C.pdf,93,93,C,John Coltrane
Crystal Silence,realbook_hal_6th_C.pdf,94,94,C,Chick Corea
D Natural Blues,realbook_hal_6th_C.pdf,95,95,C,Wes Montgomery
Daahoud,realbook_hal_6th_C.pdf,96,97,C,Clifford Brown
Dancing On The Ceiling,realbook_hal_6th_C.pdf,98,98,C,Richard Rodgers/Lorenz Hart
Darn That Dream,realbook_hal_6th_C.pdf,99,99,C,Jimmy Van Heusen/Eddie De Lange
Day Waves,realbook_hal_6th_C.pdf,100,100,C,Chick Corea/Neville Potter
Days And Nights Waiting,realbook_hal_6th_C.pdf,101,101,C,Keith Jarrett
Days Of Wine And Roses,realbook_hal_6th_C.pdf,102,102,C,Yarmeland
Dearly Beloved,realbook_hal_6th_C.pdf,103,103,C,Jerome Kern/Johnny Mercer
Dedicated To You,realbook_hal_6th_C.pdf,104,104,C,Sammy Cahn/Saul Chaplin/Hy Zaret
Detour Ahead,realbook_hal_6th_C.pdf,105,105,C,Herb Ellis/John Fried/Lou Carter
Deluge,realbook_hal_6th_C.pdf,106,107,C,Wayne Shorter
Desafinado,realbook_hal_6th_C.pdf,108,109,C,Antonio Carlos Jobim/Newton Mendonca
Desert Air,realbook_hal_6th_C.pdf,110,111,C,Chick Corea
Dexterity,realbook_hal_6th_C.pdf,112,112,C,Charlie Parker
Dizzy Atmosphere,realbook_hal_6th_C.pdf,113,113,C,Dizzy Gillespie
Django,realbook_hal_6th_C.pdf,114,115,C,John Lewis
Doin' The Pig,realbook_hal_6th_C.pdf,116,117,C,Steve Swallow
Delores,realbook_hal_6th_C.pdf,118,118,C,Wayne Shorter
Dolphin Dance,realbook_hal_6th_C.pdf,119,119,C,Herbie Hancock
Domino Biscuit,realbook_hal_6th_C.pdf,120,120,C,Steve Swallow
Don't Blame Me,realbook_hal_6th_C.pdf,121,121,C,Jimmy McHugh/Dorothy Fields
Don't Get Around Much Anymore,realbook_hal_6th_C.pdf,122,122,C,Duke Ellington/Bob Russet
Donna Lee,realbook_hal_6th_C.pdf,123,123,C,Charlie Parker
Dream A Little Dream Of Me,realbook_hal_6th_C.pdf,124,124,C,Wilbur Schloandt/Fabian Andreee/Gus Kahn
Dreamsville,realbook_hal_6th_C.pdf,125,125,C,Henry Mancini/Jay Livingston/Ray Evans
Easter Parade,realbook_hal_6th_C.pdf,126,126,C,Irving Berlin
Easy Living,realbook_hal_6th_C.pdf,127,127,C,Leo Robin/Ralph Ranger
Easy To Love,realbook_hal_6th_C.pdf,128,128,C,Cole Porter
Ecclusiastics,realbook_hal_6th_C.pdf,129,129,C,Charles Mingus
Eighty One,realbook_hal_6th_C.pdf,130,130,C,Miles Davis/Ronald Carter
El Gaucho,realbook_hal_6th_C.pdf,131,131,C,Wayne Shorter
Epistrophy,realbook_hal_6th_C.pdf,132,132,C,Thelonious Monk/Kenny Clarke
Equinox,realbook_hal_6th_C.pdf,133,133,C,John Coltrane
Equipoise,realbook_hal_6th_C.pdf,134,134,C,Stanley Cowell
E.S.P.,realbook_hal_6th_C.pdf,135,135,C,Wayne Shorter
Fall,realbook_hal_6th_C.pdf,136,136,C,Wayne Shorter
Falling Grace,realbook_hal_6th_C.pdf,137,137,C,Steve Swallow
Falling In Love With Love,realbook_hal_6th_C.pdf,138,138,C,Richard Rodgers/Lorenz Hart
Fee-Fi-Fo-Fum,realbook_hal_6th_C.pdf,139,139,C,Wayne Shorter
Fine Romance,realbook_hal_6th_C.pdf,140,140,C,Jerome Kern/Dorothy Fields
500 Miles High,realbook_hal_6th_C.pdf,141,140,C,Chick Corea/Neville Potter
Five Hundred Miles High,realbook_hal_6th_C.pdf,141,141,C,Chick Corea/Neville Potter
502 Blues,realbook_hal_6th_C.pdf,142,142,C,James Rowles
Follow Your Heart,realbook_hal_6th_C.pdf,143,143,C,John McLaughlin
Footprints,realbook_hal_6th_C.pdf,144,144,C,Wayne Shorter
For All We Know,realbook_hal_6th_C.pdf,145,145,C,J. Fred Coots
For Heavens Sake,realbook_hal_6th_C.pdf,146,146,C,Don Meyer/Elise Bretton/Sherman Edwards
For Sentimental Reasons,realbook_hal_6th_C.pdf,147,147,C,William Best/Deek Watson
Forest Flower,realbook_hal_6th_C.pdf,148,148,C,Charles Lloyd
Four,realbook_hal_6th_C.pdf,149,149,C,Miles Davis
Four On Six,realbook_hal_6th_C.pdf,150,150,C,Wes Montgomery
Freddie The Freeloader,realbook_hal_6th_C.pdf,151,151,C,Miles Davis
Freedom Jazz Dance,realbook_hal_6th_C.pdf,152,152,C,Eddie Harris
Gee Baby Ain't I Good To You,realbook_hal_6th_C.pdf,153,153,C,Don Redman/Andy Razaf
Full House,realbook_hal_6th_C.pdf,154,155,C,Wes Montgomery
Gemini,realbook_hal_6th_C.pdf,156,156,C,Jimmy Heath
Giant Steps,realbook_hal_6th_C.pdf,157,157,C,John Coltrane
Girl From Ipanema,realbook_hal_6th_C.pdf,158,158,C,Antonio Carlos Jobim/Norman Gimbel/Vinicius De Moraes
Gloria's Step,realbook_hal_6th_C.pdf,159,159,C,Scott LeFaro
God Bless The Child,realbook_hal_6th_C.pdf,160,160,C,Arthur Herzog Jr./Billy Holiday
Golden Lady,realbook_hal_6th_C.pdf,161,161,C,Stevie Wonder
Good Evening Mr. And Mrs.America,realbook_hal_6th_C.pdf,162,163,C,John Guerin
Grand Central,realbook_hal_6th_C.pdf,164,164,C,John Coltrane
Green Mountains,realbook_hal_6th_C.pdf,165,165,C,Steve Swallow
Groovin' High,realbook_hal_6th_C.pdf,166,166,C,Dizzy Gillespie
Grow Your Own,realbook_hal_6th_C.pdf,167,167,C,Keith Jarrett
Guilty,realbook_hal_6th_C.pdf,168,168,C,Gus Kahn/Richard Whiting/Harry Akst
Gypsy In My Soul,realbook_hal_6th_C.pdf,169,169,C,Clay Booland/Moe Jaffe/Clay Boland
Half Nelson,realbook_hal_6th_C.pdf,170,171,C,Miles Davis
Have You Met Miss Jones,realbook_hal_6th_C.pdf,172,172,C,Richard Rodgers/Lorenz Hart
Heaven,realbook_hal_6th_C.pdf,173,173,C,Duke Ellington
Heebie Jeebies,realbook_hal_6th_C.pdf,174,174,C,Boyd Atkins
Here's That Rainy Day,realbook_hal_6th_C.pdf,175,175,C,Jimmy Van Heusen/Johnny Burke
Hello Young Lovers,realbook_hal_6th_C.pdf,176,177,C,Richard Rodgers/Oscar Hammerstein
Hot Toddy,realbook_hal_6th_C.pdf,178,178,C,Herb Hendler/Ralph Flanagan
House Of Jade,realbook_hal_6th_C.pdf,179,179,C,Wayne Shorter
How High The Moon,realbook_hal_6th_C.pdf,180,180,C,Morgan Lewis/Nancy Hamilton
How Insensitive,realbook_hal_6th_C.pdf,181,181,C,Antonio Carlos Jobim/Norman Gimbel/Vinicius De Moraes
How My Heart Sings,realbook_hal_6th_C.pdf,182,182,C,Earl Zindars/Anne Zindars
Hullo Bolinas,realbook_hal_6th_C.pdf,183,183,C,Steve Swallow
I Can't Get Started With You,realbook_hal_6th_C.pdf,184,184,C,Vernon Duke/Ira Gershwin
I Can't Give You Anything But Love,realbook_hal_6th_C.pdf,185,185,C,Jimmy McHugh/Dorothy Fields
I Could Write A Book,realbook_hal_6th_C.pdf,186,186,C,Richard Rodgers/Lorenz Hart
I Got It Bad And That Ain't Good,realbook_hal_6th_C.pdf,187,187,C,Duke Ellington/Phil Francis Webster
I Let A Song Go Out Of My Heart,realbook_hal_6th_C.pdf,188,188,C,Duke Ellington/Henry Nemo/John Redmond/Irving Mills
I Love Paris,realbook_hal_6th_C.pdf,189,189,C,Cole Porter
I Love You,realbook_hal_6th_C.pdf,190,190,C,Cole Porter
I Mean You,realbook_hal_6th_C.pdf,191,191,C,Thelonious Monk/Coleman Hawkins
I Remember Clifford,realbook_hal_6th_C.pdf,192,193,C,Benny Golson
I Should Care,realbook_hal_6th_C.pdf,194,194,C,Sammy Fain/Axel Sterdsh/Phil Weston
I Wish I Knew How It Would Feel To Be Free,realbook_hal_6th_C.pdf,195,195,C,Billy Taylor
I'll Never Smile Again,realbook_hal_6th_C.pdf,196,196,C,Ruth Lowe
I'll Remember April,realbook_hal_6th_C.pdf,197,197,C,Pat Johnson/Don Rave/Gene Dr Paul
I'm All Smiles,realbook_hal_6th_C.pdf,198,199,C,Michael Leonard/Herbert Martin
I'm Beginning To See The Light,realbook_hal_6th_C.pdf,200,200,C,Don George/Johnny Hodges/Duke Ellington/Harry James
I'm Your Pal,realbook_hal_6th_C.pdf,201,201,C,Steve Swallow
Icarus,realbook_hal_6th_C.pdf,202,203,C,Ralph N. Towner
If You Never Come To Me,realbook_hal_6th_C.pdf,204,204,C,Antonio Carlos Jobim/Aloysid De Oliverira/Ray Gilbert
Impressions,realbook_hal_6th_C.pdf,205,205,C,John Coltrane
In A Mellow Tone,realbook_hal_6th_C.pdf,206,206,C,Duke Ellington
In A Sentimental Mood,realbook_hal_6th_C.pdf,207,207,C,Duke Ellington
In The Modd,realbook_hal_6th_C.pdf,208,209,C,Joe Garland
In The Wee Small Hours Of The Morning,realbook_hal_6th_C.pdf,210,210,C,David Mann/Bob Hilliard
In Your Quiet Place,realbook_hal_6th_C.pdf,211,211,C,Keith Jarrett
Inchworm,realbook_hal_6th_C.pdf,212,212,C,Frank Losser
Indian Lady,realbook_hal_6th_C.pdf,213,213,C,Don Ellis
Inner Urge,realbook_hal_6th_C.pdf,214,214,C,Joe Henderson
Interplay,realbook_hal_6th_C.pdf,215,215,C,Bill Evans
Intrepid Fox,realbook_hal_6th_C.pdf,216,216,C,Freddie Hubbard
Invitation,realbook_hal_6th_C.pdf,217,217,C,Bronislau Kaper/Paul Francis Webster
Iris,realbook_hal_6th_C.pdf,218,218,C,Wayne Shorter
Isn't It Romantic,realbook_hal_6th_C.pdf,219,219,C,Richard Rodgers/Lorenz Hart
Is You Is Or Is You Ain't,realbook_hal_6th_C.pdf,220,221,C,Billy Austin/Louis Jordan
Isotope,realbook_hal_6th_C.pdf,222,222,C,Joe Henderson
Israel,realbook_hal_6th_C.pdf,223,223,C,John Carisi
It Don't Mean A Thing,realbook_hal_6th_C.pdf,224,224,C,Duke Ellington/Irving Mills
It's Easy To Remember,realbook_hal_6th_C.pdf,225,225,C,Richard Rodgers/Lorenz Hart
Jelly Roll,realbook_hal_6th_C.pdf,226,226,C,Charles Mingus
Jordu,realbook_hal_6th_C.pdf,227,227,C,Duke Jordan
Journey To Recife,realbook_hal_6th_C.pdf,228,228,C,Richard Evans/Norman Gimbel
Joy Spring,realbook_hal_6th_C.pdf,229,229,C,Clifford Brown
Juju,realbook_hal_6th_C.pdf,230,230,C,Wayne Shorter
June In January,realbook_hal_6th_C.pdf,231,231,C,Leo Robin/Ralph Ranger
Jump Monk,realbook_hal_6th_C.pdf,232,233,C,Charles Mingus
Just One More Chance,realbook_hal_6th_C.pdf,234,234,C,Arthur Johnson/Sam Coslow
Lady Bird,realbook_hal_6th_C.pdf,235,235,C,Todd Dameron
KELO,realbook_hal_6th_C.pdf,236,237,C,J. J. Johnson
Lady Sings The Blues,realbook_hal_6th_C.pdf,238,238,C,Herbert Nichols/Billy Holiday
Lament,realbook_hal_6th_C.pdf,239,239,C,J. J. Johnson
Las Vegas Tango,realbook_hal_6th_C.pdf,240,240,C,Gil Evans
Lazy Bird,realbook_hal_6th_C.pdf,241,241,C,John Coltrane
Lazy River,realbook_hal_6th_C.pdf,242,242,C,Hoagy Carmichael/Sidney Arodin
Like Someone In Love,realbook_hal_6th_C.pdf,243,243,C,Jimmy Van Heusen/Johnny Burke
Limehouse Blues,realbook_hal_6th_C.pdf,244,244,C,Philip Braham/Douglas Furber
Little Boat,realbook_hal_6th_C.pdf,245,245,C,Roberto Menescal/Ronaldo Bogcoli/Buddy Kaye
Lines And Spaces,realbook_hal_6th_C.pdf,246,247,C,Joe Lovano
Litha,realbook_hal_6th_C.pdf,248,249,C,Chick Corea
Little Waltz,realbook_hal_6th_C.pdf,250,250,C,Ron Carter
Long Ago And Far Away,realbook_hal_6th_C.pdf,251,251,C,Jerome Kern/Ira Gershwin
Lonnie's Lament,realbook_hal_6th_C.pdf,252,252,C,John Coltrane
Look To The Sky,realbook_hal_6th_C.pdf,253,253,C,Antonio Carlos Jobim
Love Is The Sweetest Thing,realbook_hal_6th_C.pdf,254,254,C,Ray Nobel
Lucky Southern,realbook_hal_6th_C.pdf,255,255,C,Keith Jarrett
Lullaby Of Birdland,realbook_hal_6th_C.pdf,256,256,C,George Shearing/George Davis We
Magician In You The,realbook_hal_6th_C.pdf,257,257,C,Keith Jarrett
Lush Life,realbook_hal_6th_C.pdf,258,259,C,Billy Strayhorn
Majoong,realbook_hal_6th_C.pdf,260,260,C,Wayne Shorter
Maiden Voyage,realbook_hal_6th_C.pdf,261,261,C,Herbie Hancock
Man And A Woman (A),realbook_hal_6th_C.pdf,262,263,C,Francis Lai/Pierre Barouh/Jerry Keller
Man In The Green Shirt,realbook_hal_6th_C.pdf,264,265,C,Joe Zawinul
Meditation,realbook_hal_6th_C.pdf,266,266,C,Antonio Carlos Jobim/Newton Mendonca/Norman Gimbel
Memories Of Tomorrow,realbook_hal_6th_C.pdf,267,267,C,Keith Jarrett
Michelle,realbook_hal_6th_C.pdf,268,268,C,John Lennon/Paul McCartney
Midnight Mood,realbook_hal_6th_C.pdf,269,269,C,Joe Zawinul
Midwestern Night Dream,realbook_hal_6th_C.pdf,270,271,C,Pat Metheny
Milano,realbook_hal_6th_C.pdf,272,272,C,John Lewis
Minority,realbook_hal_6th_C.pdf,273,273,C,Gigi Gryce
Miss Ann,realbook_hal_6th_C.pdf,274,274,C,Eric Dolphy
Missouri Uncompromised,realbook_hal_6th_C.pdf,275,275,C,Pat Metheny
Mr. P.C.,realbook_hal_6th_C.pdf,276,276,C,John Coltrane
Misty,realbook_hal_6th_C.pdf,277,277,C,Erroll Garner
Miyako,realbook_hal_6th_C.pdf,278,278,C,Wayne Shorter
Mood Indigo,realbook_hal_6th_C.pdf,279,279,C,Duke Ellington/Irving Mills/Albany Bigard
Moment's Notice,realbook_hal_6th_C.pdf,280,281,C,John Coltrane
Moonchild,realbook_hal_6th_C.pdf,282,282,C,Keith Jarrett
Most Beautiful Girl In The World (The),realbook_hal_6th_C.pdf,283,283,C,Richard Rodgers/Lorenz Hart
My Buddy,realbook_hal_6th_C.pdf,284,284,C,Walter Donaldson/Gus Kahn
My Favorite Things,realbook_hal_6th_C.pdf,285,285,C,Richard Rodgers/Oscar Hammerstein
My Foolish Heart,realbook_hal_6th_C.pdf,286,286,C,Victor Young/Ned Washington
My Funny Valentine,realbook_hal_6th_C.pdf,287,287,C,Richard Rodgers/Lorenz Hart
My One And Only Love,realbook_hal_6th_C.pdf,288,288,C,Guy Wood/Robert Mellin
My Romance,realbook_hal_6th_C.pdf,289,289,C,Richard Rodgers/Lorenz Hart
My Shining Hour,realbook_hal_6th_C.pdf,290,290,C,Harold Arlen/Johnny Mercer
My Ship,realbook_hal_6th_C.pdf,291,291,C,Kurt Weill/Ira Gershwin
My Way,realbook_hal_6th_C.pdf,292,292,C,Jacques Revaux/Claude Francois/Paul Anka/Gilles Thibald
Naima,realbook_hal_6th_C.pdf,293,293,C,John Coltrane
Mysterious Traveller,realbook_hal_6th_C.pdf,294,295,C,Wayne Shorter
Nardis,realbook_hal_6th_C.pdf,296,296,C,Miles Davis
Nefertiti,realbook_hal_6th_C.pdf,297,297,C,Wayne Shorter
Never Will I Marry,realbook_hal_6th_C.pdf,298,298,C,Frank Losser
Nica's Dream,realbook_hal_6th_C.pdf,299,299,C,Horace Silver
Night Dreamer,realbook_hal_6th_C.pdf,300,300,C,Wayne Shorter
Night Has A Thousand Eyes,realbook_hal_6th_C.pdf,301,301,C,Jerry Brainin/Buddy Bernier
Night In Tunisia(A),realbook_hal_6th_C.pdf,302,302,C,Dizzy Gillespie/Frank Paparelli
Nobody Know You When You're down and Out,realbook_hal_6th_C.pdf,303,303,C,Jimmie Cox
Night Train,realbook_hal_6th_C.pdf,304,305,C,Jimmy Forrest/Oscar Washington/Lewis C. Simpkin's
Nostalgia In Times Square,realbook_hal_6th_C.pdf,306,306,C,Charles Mingus
Nuages,realbook_hal_6th_C.pdf,307,307,C,Django Reinhardt
Old Man From the Old Country,realbook_hal_6th_C.pdf,308,308,C,Nat Adderly/Curtis R. Lewis
Oleo,realbook_hal_6th_C.pdf,309,309,C,Sonny Rollins
Olinoqui Valley,realbook_hal_6th_C.pdf,310,310,C,Herbie Hancock
Once I Loved,realbook_hal_6th_C.pdf,311,311,C,Antonio Carlos Jobim/Vinicius De Moraes/Ray Gilbert
Once In Love With Amy,realbook_hal_6th_C.pdf,312,312,C,Frank Losser
One Finger Snap,realbook_hal_6th_C.pdf,313,313,C,Herbie Hancock
One Note Samba,realbook_hal_6th_C.pdf,314,314,C,Antonio Carlos Jobim/Newton Mendonca
Only Trust Your Heart,realbook_hal_6th_Bb.pdf,315,315,C,Benny Carter/Sammy Cahn
Orbits,realbook_hal_6th_C.pdf,316,316,C,Wayne Shorter
Ornithology,realbook_hal_6th_C.pdf,317,317,C,Charlie Parker/Bennie Harris
Out Of Nowhere,realbook_hal_6th_C.pdf,318,318,C,Johnny Green/Edward Heyman
Paper Doll,realbook_hal_6th_C.pdf,319,319,C,Johnny S. Black
Passion Dance,realbook_hal_6th_C.pdf,320,320,C,McCoy Tyner
Passion Flower,realbook_hal_6th_C.pdf,321,321,C,Billy Strayhorn/Milton Raskin
Peace,realbook_hal_6th_C.pdf,322,322,C,Horace Silver
Peggy's Blue Skylight,realbook_hal_6th_C.pdf,323,323,C,Charles Mingus
Pent-Up House,realbook_hal_6th_C.pdf,324,324,C,Sonny Rollins
Penthouse Serenade,realbook_hal_6th_C.pdf,325,325,C,Will Jason/Val Burton
Peri's Scope,realbook_hal_6th_C.pdf,326,326,C,Bill Evans
Pfrancing (No Blues),realbook_hal_6th_C.pdf,327,327,C,Miles Davis
Pinocchio,realbook_hal_6th_C.pdf,328,328,C,Wayne Shorter
Pithycanthropus Erectus,realbook_hal_6th_C.pdf,329,329,C,Charles Mingus
Portsmouth Figurations,realbook_hal_6th_C.pdf,330,330,C,Steve Swallow
Prelude To A Kiss,realbook_hal_6th_C.pdf,331,331,C,Duke Ellington/Irving Gordon/Irving Mills
Prince Of Darkness,realbook_hal_6th_C.pdf,332,332,C,Wayne Shorter
P.S. I Love You,realbook_hal_6th_C.pdf,333,333,C,Gordon Jenkins/Johnny Mercer
Pussy Cat Dues,realbook_hal_6th_C.pdf,334,334,C,Charles Mingus
Corcovado,realbook_hal_6th_C.pdf,335,334,C,Antonio Carlos Jobim/Gene Lees
Quiet Night Of Quiet Stars (Corcovado),realbook_hal_6th_C.pdf,335,335,C,Antonio Carlos Jobim/Gene Lees
Quiet Now,realbook_hal_6th_C.pdf,336,336,C,Denny Zeitlin
Recorda-Me,realbook_hal_6th_C.pdf,337,337,C,Joe Henderson
Red Clay,realbook_hal_6th_C.pdf,338,339,C,Freddie Hubbard
Reflections,realbook_hal_6th_C.pdf,340,340,C,Thelonious Monk
Ring Dem Bells,realbook_hal_6th_C.pdf,341,341,C,Duke Ellington/Irving Mills
Reincarnation Of A Lovebird,realbook_hal_6th_C.pdf,342,343,C,Charles Mingus
Road Song,realbook_hal_6th_C.pdf,344,344,C,Wes Montgomery
Round Midnight,realbook_hal_6th_C.pdf,345,345,C,Thelonious Monk/Cootie Williams/Bernie Hanighen
Ruby My Dear,realbook_hal_6th_C.pdf,346,347,C,Thelonious Monk
Saga Of Harrison Crabpeathers,realbook_hal_6th_C.pdf,348,348,C,Steve Kuhn
Satin Doll,realbook_hal_6th_C.pdf,349,349,C,Duke Ellington
Scotch And Soda,realbook_hal_6th_C.pdf,350,350,C,Dave Guard
Scrapple From The Apple,realbook_hal_6th_C.pdf,351,351,C,Charlie Parker
Sea Journey,realbook_hal_6th_C.pdf,352,353,C,Chick Corea/Neville Potter
Seven Come Eleven,realbook_hal_6th_C.pdf,354,354,C,Benny Goodman/Charlie Christian
Sidewinder,realbook_hal_6th_C.pdf,355,355,C,Lee Morgan
Seven Steps To Heaven,realbook_hal_6th_C.pdf,356,357,C,Miles David/Victor Feldman
Silver Hollow,realbook_hal_6th_C.pdf,358,358,C,Jack DeJohnette
Sirabhorn,realbook_hal_6th_C.pdf,359,359,C,Pat Metheny
Skating In Central Park,realbook_hal_6th_C.pdf,360,361,C,John Lewis
So Nice (Summer Samba),realbook_hal_6th_C.pdf,362,362,C,Marcos Valle/Paulo Sergio Valle/Norman Gimbel
Solar,realbook_hal_6th_C.pdf,363,363,C,Miles Davis
So What,realbook_hal_6th_C.pdf,364,365,C,Miles Davis
Solitude,realbook_hal_6th_C.pdf,366,366,C,Duke Ellington/Eddie De Lange/Irving Mills
Someday My Prince Will Come,realbook_hal_6th_C.pdf,367,367,C,Frank Churchill/Larry Morey
Some Other Spring,realbook_hal_6th_C.pdf,368,368,C,Arthur Herzog Jr./Irene Kitchings
Somebody Love Me,realbook_hal_6th_C.pdf,369,369,C,George Gershwin/B. G. Desylva/Ballard MacDonald/Emelia Renaud
Some Skunk Funk,realbook_hal_6th_C.pdf,370,371,C,Randy Brecker
Sometime Ago,realbook_hal_6th_C.pdf,372,372,C,Sergio Mihanovich
Song For My Father,realbook_hal_6th_C.pdf,373,373,C,Horace Silver
Song Is You,realbook_hal_6th_C.pdf,374,375,C,Jerome Kern/Oscar Hammerstein
Sophisticated Lady,realbook_hal_6th_C.pdf,376,376,C,Duke Ellington/Irving Mills/Mitchell Parish
Sorcerer,realbook_hal_6th_C.pdf,377,377,C,Herbie Hancock
Speak No Evil,realbook_hal_6th_C.pdf,378,378,C,Wayne Shorter
Sphinx (The),realbook_hal_6th_C.pdf,379,379,C,Ornette Coleman
Standing On The Corner,realbook_hal_6th_C.pdf,380,380,C,Frank Losser
Star-Crossed Lovers,realbook_hal_6th_C.pdf,381,381,C,Duke Ellington/Billy Strayhorn
Stella By Starlight,realbook_hal_6th_C.pdf,382,382,C,Victor Young/Ned Washington
Steps,realbook_hal_6th_C.pdf,383,383,C,Chick Corea
Stolen Moments,realbook_hal_6th_C.pdf,384,384,C,Oliver Nelson
Stompin' At The Savoy,realbook_hal_6th_C.pdf,385,385,C,Benny Goodman/Edgar Sampson/Chick Webb
Straight No Chaser,realbook_hal_6th_C.pdf,386,386,C,Thelonious Monk
Sugar,realbook_hal_6th_C.pdf,387,387,C,Stanley Turrentine
String Of Pearls,realbook_hal_6th_C.pdf,388,389,C,Jerry Gray
Stuff,realbook_hal_6th_C.pdf,390,391,C,Miles Davis
Sunday Kind Of Love,realbook_hal_6th_C.pdf,392,392,C,Barbara Belle/Louis Prima/Anita Leonard/Stan Rhodes
Surrey With The Fringe On Top,realbook_hal_6th_C.pdf,393,393,C,Richard Rodgers/Oscar Hammerstein
Swedish Pastry,realbook_hal_6th_C.pdf,394,394,C,Barney Kessel
Sweet Georgia Bright,realbook_hal_6th_C.pdf,395,395,C,Charles Lloyd
Sweet Henry,realbook_hal_6th_C.pdf,396,396,C,Steve Swallow/Jack Gregg
Take Five,realbook_hal_6th_C.pdf,397,397,C,Paul Desmond
Take The A Train,realbook_hal_6th_C.pdf,398,398,C,Billy Strayhorn
Thanks For The Memory,realbook_hal_6th_C.pdf,399,399,C,Leo Robin/Ralph Ranger
Tame Thy Pen,realbook_hal_6th_C.pdf,400,401,C,Richard Niles
Tell Me A Bedtime Story,realbook_hal_6th_C.pdf,402,403,C,Herbie Hancock
That's Amore,realbook_hal_6th_C.pdf,404,405,C,Harry Warren/Jack Brooks
There Is No Greater Love,realbook_hal_6th_C.pdf,406,406,C,Isham Jones/Marty Symes
There Will Never Be Another You,realbook_hal_6th_C.pdf,407,407,C,Harry Warren/Mack Gordon
There'll Be Some Changes Made,realbook_hal_6th_C.pdf,408,408,C,Brenton Overstreet/Billy Higgins
They Didn't Believe Me,realbook_hal_6th_C.pdf,409,409,C,Jerome Kern/Herbert Reynolds
Think On Me,realbook_hal_6th_C.pdf,410,410,C,George Cables
Thou Swell,realbook_hal_6th_C.pdf,411,411,C,Richard Rodgers/Lorenz Hart
Three Flowers,realbook_hal_6th_C.pdf,412,412,C,McCoy Tyner
Time Remembered,realbook_hal_6th_C.pdf,413,413,C,Bill Evans
Tones For Joan's Bones,realbook_hal_6th_C.pdf,414,414,C,Chick Corea
Topsy,realbook_hal_6th_C.pdf,415,415,C,Edgar Battle/Eddie Durham
Tour De Force,realbook_hal_6th_C.pdf,416,416,C,Dizzy Gillespie
Triste,realbook_hal_6th_C.pdf,417,417,C,Antonio Carlos Jobim
Tune-Up,realbook_hal_6th_C.pdf,418,418,C,Miles Davis
Turn Out The Stars,realbook_hal_6th_C.pdf,419,419,C,Bill Evans/Gene Lees
Twisted Blues,realbook_hal_6th_C.pdf,420,420,C,Wes Montgomery
Unquity Road,realbook_hal_6th_C.pdf,421,421,C,Pat Metheny
Unchain My Heart,realbook_hal_6th_C.pdf,422,423,C,Bobby Sharp/Teddy Powell
Unity Village,realbook_hal_6th_C.pdf,424,424,C,Pat Metheny
Up Jumped Spring,realbook_hal_6th_C.pdf,425,425,C,Freddie Hubbard
Upper Manhattan Medical Group,realbook_hal_6th_C.pdf,426,426,C,Billy Strayhorn
Valse Hot,realbook_hal_6th_C.pdf,427,427,C,Sonny Rollins
Very Early,realbook_hal_6th_C.pdf,428,428,C,Bill Evans
Virgo,realbook_hal_6th_C.pdf,429,429,C,Wayne Shorter
Wait Till You See Her,realbook_hal_6th_C.pdf,430,430,C,Richard Rodgers/Lorenz Hart
Wave,realbook_hal_6th_C.pdf,431,431,C,Antonio Carlos Jobim
Waltz For Debby,realbook_hal_6th_C.pdf,432,433,C,Bill Evans/Gene Lees
We'll Be Together Again,realbook_hal_6th_C.pdf,434,434,C,Carl Fisher/Frankie Lane
Well You Needn't,realbook_hal_6th_C.pdf,435,435,C,Thelonious Monk/Mike Ferro
West Coast Blues,realbook_hal_6th_C.pdf,436,436,C,Wes Montgomery
What Am I Here For,realbook_hal_6th_C.pdf,437,437,C,Duke Ellington
What Was,realbook_hal_6th_C.pdf,438,438,C,Chick Corea
When I Fall In Love,realbook_hal_6th_C.pdf,439,439,C,Victor Young/Edward Heyman
When Sunny Gets Blue,realbook_hal_6th_C.pdf,440,440,C,Marvin Fisher/Jack Segal
When You Wish Upon A Star,realbook_hal_6th_C.pdf,441,441,C,Leigh Harline/Ned Washington
Whispering,realbook_hal_6th_C.pdf,442,442,C,Richard Coburn/John Schonberger/Victor Rose
Windows,realbook_hal_6th_C.pdf,443,443,C,Chick Corea
Wild Flower,realbook_hal_6th_C.pdf,444,445,C,Wayne Shorter
Witch Hunt,realbook_hal_6th_C.pdf,446,446,C,Wayne Shorter
Woodchopper's Ball,realbook_hal_6th_C.pdf,447,447,C,Joe Bishop/Woody Herman
Wives And Lovers,realbook_hal_6th_C.pdf,448,449,C,Burt Bacharach/Hal David
Woody'n You,realbook_hal_6th_C.pdf,450,450,C,Dizzy Gillespie
World Is Waiting For The Sunrise (The),realbook_hal_6th_C.pdf,451,451,C,Ernest Seitz/Eugene Lockhart
Yes Or No,realbook_hal_6th_C.pdf,452,452,C,Wayne Shorter
Yesterday,realbook_hal_6th_C.pdf,453,453,C,John Lennon/Paul McCartney
Yesterdays,realbook_hal_6th_C.pdf,454,454,C,Jerome Kern/Otto Harbach
You Are Too Beautiful,realbook_hal_6th_C.pdf,455,455,C,Richard Rodgers/Lorenz Hart
You Are The Sunshine Of My Life,realbook_hal_6th_C.pdf,456,457,C,Stevie Wonder
You Brought A New Kind Of Love To Me,realbook_hal_6th_C.pdf,458,458,C,Sammie Fain/Irving Kahal/Pierre Norman
You Don't Know What Love Is,realbook_hal_6th_C.pdf,459,459,C,Don Raye/Gene DePaul
You Took Advantage Of Me,realbook_hal_6th_C.pdf,460,460,C,Richard Rodgers/Lorenz Hart
Young At Heart,realbook_hal_6th_C.pdf,461,461,C,Johnny Richards/Carolyn Leigh
You're Nobody 'Til Somebody Loves You,realbook_hal_6th_C.pdf,462,462,C,Russ Morgan/Larry Stock/James Cavanaugh
